{
  "alpha": 7.9806438475783885,
  "beta_hca": 2.2179078236198078,
  "beta_b2b_home": -3.4067759039297525,
  "beta_b2b_away": 1.603087403153529,
  "sigma_residual": 13.433195989360447,
  "train_rmse": 13.433195989360447,
  "val_rmse": 14.39484298315422,
  "train_corr": 0.4796834211405909,
  "val_corr": 0.5348060040736149,
  "n_train": 624,
  "n_val": 417,
  "season": "2025-26"
}